name;firstname;lastname;fullname
Höferlin, Manuel; Manuel;Höferlin; Manuel Höferlin
Durz, Hansjörg; Hansjörg;Durz; Hansjörg Durz
Beermann, Maik; Maik;Beermann; Maik Beermann
Hauer, Matthias; Matthias;Hauer; Matthias Hauer
Heilmann, Thomas; Thomas;Heilmann; Thomas Heilmann
Kemmer, Ronja; Ronja;Kemmer; Ronja Kemmer
Sauer, Stefan; Stefan;Sauer; Stefan Sauer
Schipanski, Tankred; Tankred;Schipanski; Tankred Schipanski
Herzog, Gustav; Gustav;Herzog; Gustav Herzog
Korkmaz-Emre, Elvan; Elvan;Korkmaz-Emre; Elvan Korkmaz-Emre
Mohrs, Falko; Falko;Mohrs; Falko Mohrs
Weingarten, Dr. Joe; Dr. Joe;Weingarten; Dr. Joe Weingarten
Zimmermann, Dr. Jens; Dr. Jens;Zimmermann; Dr. Jens Zimmermann
Cotar, Joana; Joana;Cotar; Joana Cotar
Espendiller, Dr. Michael; Dr. Michael;Espendiller; Dr. Michael Espendiller
Schulz, Uwe; Uwe;Schulz; Uwe Schulz
Brandenburg, Mario; Mario;Brandenburg; Mario Brandenburg
Domscheit-Berg, Anke; Anke;Domscheit-Berg; Anke Domscheit-Berg
Sitte, Dr. Petra; Dr. Petra;Sitte; Dr. Petra Sitte
Christmann, Dr. Anna; Dr. Anna;Christmann; Dr. Anna Christmann
Janecek, Dieter; Dieter;Janecek; Dieter Janecek
