name;firstname;lastname;fullname
Castellucci, Prof. Dr. Lars; Prof. Dr. Lars;Castellucci; Prof. Dr. Lars Castellucci
Demir, Hakan; Hakan;Demir; Hakan Demir
Fiedler, Sebastian; Sebastian;Fiedler; Sebastian Fiedler
Grötsch, Uli; Uli;Grötsch; Uli Grötsch
Hartmann, Sebastian; Sebastian;Hartmann; Sebastian Hartmann
Kaiser, Elisabeth; Elisabeth;Kaiser; Elisabeth Kaiser
Koß, Simona; Simona;Koß; Simona Koß
Kreiser, Dunja; Dunja;Kreiser; Dunja Kreiser
Lindh, Helge; Helge;Lindh; Helge Lindh
Schäfer, Ingo; Ingo;Schäfer; Ingo Schäfer
Schierenbeck, Peggy; Peggy;Schierenbeck; Peggy Schierenbeck
Wegge, Carmen; Carmen;Wegge; Carmen Wegge
Yüksel, Gülistan; Gülistan;Yüksel; Gülistan Yüksel
Amthor, Philipp; Philipp;Amthor; Philipp Amthor
Breilmann, Michael; Michael;Breilmann; Michael Breilmann
Heck, Dr. Stefan; Dr. Stefan;Heck; Dr. Stefan Heck
Henrichmann, Marc; Marc;Henrichmann; Marc Henrichmann
Hoffmann, Alexander; Alexander;Hoffmann; Alexander Hoffmann
Launert, Dr. Silke; Dr. Silke;Launert; Dr. Silke Launert
Nicolaisen, Petra; Petra;Nicolaisen; Petra Nicolaisen
Oppelt, Moritz; Moritz;Oppelt; Moritz Oppelt
Oster, Josef; Josef;Oster; Josef Oster
Seif, Detlef; Detlef;Seif; Detlef Seif
Throm, Alexander; Alexander;Throm; Alexander Throm
Vries, Christoph de; Christoph de;Vries; Christoph de Vries
Wittmann, Mechthilde; Mechthilde;Wittmann; Mechthilde Wittmann
Eckert, Leon; Leon;Eckert; Leon Eckert
Emmerich, Marcel; Marcel;Emmerich; Marcel Emmerich
Göring-Eckardt, Katrin; Katrin;Göring-Eckardt; Katrin Göring-Eckardt
Kaddor, Lamya; Lamya;Kaddor; Lamya Kaddor
Khan, Misbah; Misbah;Khan; Misbah Khan
Notz, Dr. Konstantin von; Dr. Konstantin von;Notz; Dr. Konstantin von Notz
Pahlke, Julian; Julian;Pahlke; Julian Pahlke
Bubendorfer-Licht, Sandra; Sandra;Bubendorfer-Licht; Sandra Bubendorfer-Licht
Höferlin, Manuel; Manuel;Höferlin; Manuel Höferlin
Jurisch, Dr. Ann-Veruschka; Dr. Ann-Veruschka;Jurisch; Dr. Ann-Veruschka Jurisch
Redder, Dr. Volker; Dr. Volker;Redder; Dr. Volker Redder
Teuteberg, Linda; Linda;Teuteberg; Linda Teuteberg
Thomae, Stephan; Stephan;Thomae; Stephan Thomae
Baumann, Dr. Bernd; Dr. Bernd;Baumann; Dr. Bernd Baumann
Curio, Dr. Gottfried; Dr. Gottfried;Curio; Dr. Gottfried Curio
Hess, Martin; Martin;Hess; Martin Hess
Janich, Steffen; Steffen;Janich; Steffen Janich
Wirth, Dr. Christian; Dr. Christian;Wirth; Dr. Christian Wirth
Pau, Petra; Petra;Pau; Petra Pau
Renner, Martina; Martina;Renner; Martina Renner
