name;firstname;lastname;fullname
Baldy, Daniel; Daniel;Baldy; Daniel Baldy
Eichwede, Sonja; Sonja;Eichwede; Sonja Eichwede
Fechner, Dr. Johannes; Dr. Johannes;Fechner; Dr. Johannes Fechner
Gerster, Martin; Martin;Gerster; Martin Gerster
Klinck, Dr. Kristian; Dr. Kristian;Klinck; Dr. Kristian Klinck
Licina-Bode, Luiza; Luiza;Licina-Bode; Luiza Licina-Bode
Mittag, Susanne; Susanne;Mittag; Susanne Mittag
Nasr, Rasha; Rasha;Nasr; Rasha Nasr
Pawlik, Natalie; Natalie;Pawlik; Natalie Pawlik
Schamber, Rebecca; Rebecca;Schamber; Rebecca Schamber
Stegner, Dr. Ralf; Dr. Ralf;Stegner; Dr. Ralf Stegner
Vöpel, Dirk; Dirk;Vöpel; Dirk Vöpel
Wiese, Dirk; Dirk;Wiese; Dirk Wiese
Berghegger, Dr. André; Dr. André;Berghegger; Dr. André Berghegger
Brand, Michael; Michael;Brand; Michael Brand
Edelhäußer, Ralph; Ralph;Edelhäußer; Ralph Edelhäußer
Güler, Serap; Serap;Güler; Serap Güler
Heil, Mechthild; Mechthild;Heil; Mechthild Heil
Heilmann, Thomas; Thomas;Heilmann; Thomas Heilmann
Hennrich, Michael; Michael;Hennrich; Michael Hennrich
Hoppenstedt, Dr. Hendrik; Dr. Hendrik;Hoppenstedt; Dr. Hendrik Hoppenstedt
Lindholz, Andrea; Andrea;Lindholz; Andrea Lindholz
Schenderlein, Dr. Christiane; Dr. Christiane;Schenderlein; Dr. Christiane Schenderlein
Ullrich, Dr. Volker; Dr. Volker;Ullrich; Dr. Volker Ullrich
Warken, Nina; Nina;Warken; Nina Warken
Ziemiak, Paul; Paul;Ziemiak; Paul Ziemiak
Bayram, Canan; Canan;Bayram; Canan Bayram
Benner, Lukas; Lukas;Benner; Lukas Benner
Gambir, Schahina; Schahina;Gambir; Schahina Gambir
Krämer, Philip; Philip;Krämer; Philip Krämer
Mihalic, Dr. Irene; Dr. Irene;Mihalic; Dr. Irene Mihalic
Polat, Filiz; Filiz;Polat; Filiz Polat
Schönberger, Marlene; Marlene;Schönberger; Marlene Schönberger
Al-Halak, Muhanad; Muhanad;Al-Halak; Muhanad Al-Halak
Beeck, Jens; Jens;Beeck; Jens Beeck
Hartewig, Philipp; Philipp;Hartewig; Philipp Hartewig
Kubicki, Wolfgang; Wolfgang;Kubicki; Wolfgang Kubicki
Kuhle, Konstantin; Konstantin;Kuhle; Konstantin Kuhle
Strack-Zimmermann, Dr. Marie-Agnes; Dr. Marie-Agnes;Strack-Zimmermann; Dr. Marie-Agnes Strack-Zimmermann
Bühl, Marcus; Marcus;Bühl; Marcus Bühl
Harder-Kühnel, Mariana Iris; Mariana Iris;Harder-Kühnel; Mariana Iris Harder-Kühnel
Haug, Jochen; Jochen;Haug; Jochen Haug
Lenk, Barbara; Barbara;Lenk; Barbara Lenk
Miazga, Corinna; Corinna;Miazga; Corinna Miazga
Bünger, Clara; Clara;Bünger; Clara Bünger
Hahn, Dr. André; Dr. André;Hahn; Dr. André Hahn
