name;firstname;lastname;fullname
Hirte, Prof. Dr. Heribert; Prof. Dr. Heribert;Hirte; Prof. Dr. Heribert Hirte
Heil, Mechthild; Mechthild;Heil; Mechthild Heil
Heveling, Ansgar; Ansgar;Heveling; Ansgar Heveling
Hoffmann, Alexander; Alexander;Hoffmann; Alexander Hoffmann
Jung, Ingmar; Ingmar;Jung; Ingmar Jung
Lehrieder, Paul; Paul;Lehrieder; Paul Lehrieder
Luczak, Dr. Jan-Marco; Dr. Jan-Marco;Luczak; Dr. Jan-Marco Luczak
Müller, Axel; Axel;Müller; Axel Müller
Müller, Carsten; Carsten;Müller; Carsten Müller
Oellers, Wilfried; Wilfried;Oellers; Wilfried Oellers
Sensburg, Prof. Dr. Patrick; Prof. Dr. Patrick;Sensburg; Prof. Dr. Patrick Sensburg
Steineke, Sebastian; Sebastian;Steineke; Sebastian Steineke
Thies, Hans-Jürgen; Hans-Jürgen;Thies; Hans-Jürgen Thies
Ullrich, Dr. Volker; Dr. Volker;Ullrich; Dr. Volker Ullrich
Warken, Nina; Nina;Warken; Nina Warken
Wellenreuther, Ingo; Ingo;Wellenreuther; Ingo Wellenreuther
Brunner, Dr. Karl-Heinz; Dr. Karl-Heinz;Brunner; Dr. Karl-Heinz Brunner
Dilcher, Esther; Esther;Dilcher; Esther Dilcher
Fechner, Dr. Johannes; Dr. Johannes;Fechner; Dr. Johannes Fechner
Groß, Michael; Michael;Groß; Michael Groß
Lauterbach, Prof. Dr. Karl; Prof. Dr. Karl;Lauterbach; Prof. Dr. Karl Lauterbach
Post, Florian; Florian;Post; Florian Post
Rawert, Mechthild; Mechthild;Rawert; Mechthild Rawert
Scheer, Dr. Nina; Dr. Nina;Scheer; Dr. Nina Scheer
Steffen, Sonja Amalie; Sonja Amalie;Steffen; Sonja Amalie Steffen
Brandner, Stephan; Stephan;Brandner; Stephan Brandner
Jacobi, Fabian; Fabian;Jacobi; Fabian Jacobi
Maier, Jens; Jens;Maier; Jens Maier
Peterka, Tobias Matthias; Tobias Matthias;Peterka; Tobias Matthias Peterka
Reusch, Roman Johannes; Roman Johannes;Reusch; Roman Johannes Reusch
Buschmann, Dr. Marco; Dr. Marco;Buschmann; Dr. Marco Buschmann
Helling-Plahr, Katrin; Katrin;Helling-Plahr; Katrin Helling-Plahr
Martens, Dr. Jürgen; Dr. Jürgen;Martens; Dr. Jürgen Martens
Müller-Böhm, Roman; Roman;Müller-Böhm; Roman Müller-Böhm
Willkomm, Katharina; Katharina;Willkomm; Katharina Willkomm
Akbulut, Gökay; Gökay;Akbulut; Gökay Akbulut
Mohamed Ali, Amira; Amira;Mohamed Ali; Amira Mohamed Ali
Movassat, Niema; Niema;Movassat; Niema Movassat
Straetmanns, Friedrich; Friedrich;Straetmanns; Friedrich Straetmanns
Bayram, Canan; Canan;Bayram; Canan Bayram
Keul, Katja; Katja;Keul; Katja Keul
Rößner, Tabea; Tabea;Rößner; Tabea Rößner
Rottmann, Dr. Manuela; Dr. Manuela;Rottmann; Dr. Manuela Rottmann
