name;firstname;lastname;fullname
Ernst, Klaus; Klaus;Ernst; Klaus Ernst
Abdi, Sanae; Sanae;Abdi; Sanae Abdi
Bergt, Bengt; Bengt;Bergt; Bengt Bergt
Gremmels, Timon; Timon;Gremmels; Timon Gremmels
Hümpfer, Markus; Markus;Hümpfer; Markus Hümpfer
Kleebank, Helmut; Helmut;Kleebank; Helmut Kleebank
Mehltretter, Andreas; Andreas;Mehltretter; Andreas Mehltretter
Mesarosch, Robin; Robin;Mesarosch; Robin Mesarosch
Rimkus, Andreas; Andreas;Rimkus; Andreas Rimkus
Scheer, Dr. Nina; Dr. Nina;Scheer; Dr. Nina Scheer
Zschau, Katrin; Katrin;Zschau; Katrin Zschau
Friedrich, Dr. Hans-Peter; Dr. Hans-Peter;Friedrich; Dr. Hans-Peter Friedrich
Gramling, Fabian; Fabian;Gramling; Fabian Gramling
Heilmann, Thomas; Thomas;Heilmann; Thomas Heilmann
Helfrich, Mark; Mark;Helfrich; Mark Helfrich
Jung, Andreas; Andreas;Jung; Andreas Jung
Koeppen, Jens; Jens;Koeppen; Jens Koeppen
König, Anne; Anne;König; Anne König
Lenz, Dr. Andreas; Dr. Andreas;Lenz; Dr. Andreas Lenz
Weiss, Maria-Lena; Maria-Lena;Weiss; Maria-Lena Weiss
Badum, Lisa; Lisa;Badum; Lisa Badum
Henneberger, Kathrin; Kathrin;Henneberger; Kathrin Henneberger
Herrmann, Bernhard; Bernhard;Herrmann; Bernhard Herrmann
Nestle, Dr. Ingrid; Dr. Ingrid;Nestle; Dr. Ingrid Nestle
Uhlig, Katrin; Katrin;Uhlig; Katrin Uhlig
Glogowski-Merten, Anikó; Anikó;Glogowski-Merten; Anikó Glogowski-Merten
in der Beek, Olaf; Olaf;in der Beek; Olaf in der Beek
Kruse, Michael; Michael;Kruse; Michael Kruse
Stockmeier, Konrad; Konrad;Stockmeier; Konrad Stockmeier
Bernhard, Marc; Marc;Bernhard; Marc Bernhard
Hilse, Karsten; Karsten;Hilse; Karsten Hilse
Kotré, Steffen; Steffen;Kotré; Steffen Kotré
Kraft, Dr. Rainer; Dr. Rainer;Kraft; Dr. Rainer Kraft
Lenkert, Ralph; Ralph;Lenkert; Ralph Lenkert
