name;firstname;lastname;fullname
Strack-Zimmermann, Dr. Marie-Agnes; Dr. Marie-Agnes;Strack-Zimmermann; Dr. Marie-Agnes Strack-Zimmermann
Otte, Henning; Henning;Otte; Henning Otte
Arlt, Johannes; Johannes;Arlt; Johannes Arlt
Droßmann, Falko; Falko;Droßmann; Falko Droßmann
Hellmich, Wolfgang; Wolfgang;Hellmich; Wolfgang Hellmich
Klinck, Dr. Kristian; Dr. Kristian;Klinck; Dr. Kristian Klinck
Leiser, Kevin; Kevin;Leiser; Kevin Leiser
Nürnberger, Jörg; Jörg;Nürnberger; Jörg Nürnberger
Schamber, Rebecca; Rebecca;Schamber; Rebecca Schamber
Schmid, Christoph; Christoph;Schmid; Christoph Schmid
Völlers, Marja-Liisa; Marja-Liisa;Völlers; Marja-Liisa Völlers
Vöpel, Dirk; Dirk;Vöpel; Dirk Vöpel
Weingarten, Dr. Joe; Dr. Joe;Weingarten; Dr. Joe Weingarten
Brandl, Dr. Reinhard; Dr. Reinhard;Brandl; Dr. Reinhard Brandl
Bröhr, Dr. Marlon; Dr. Marlon;Bröhr; Dr. Marlon Bröhr
Grübel, Markus; Markus;Grübel; Markus Grübel
Güler, Serap; Serap;Güler; Serap Güler
Hahn, Florian; Florian;Hahn; Florian Hahn
Lehmann, Jens; Jens;Lehmann; Jens Lehmann
Röwekamp, Thomas; Thomas;Röwekamp; Thomas Röwekamp
Schwarz, Armin; Armin;Schwarz; Armin Schwarz
Vieregge, Kerstin; Kerstin;Vieregge; Kerstin Vieregge
Brugger, Agnieszka; Agnieszka;Brugger; Agnieszka Brugger
Krämer, Philip; Philip;Krämer; Philip Krämer
Müller, Claudia; Claudia;Müller; Claudia Müller
Nanni, Sara; Sara;Nanni; Sara Nanni
Spellerberg, Merle; Merle;Spellerberg; Merle Spellerberg
Wagener, Niklas; Niklas;Wagener; Niklas Wagener
Faber, Dr. Marcus; Dr. Marcus;Faber; Dr. Marcus Faber
Gründer, Nils; Nils;Gründer; Nils Gründer
Müller, Alexander; Alexander;Müller; Alexander Müller
Sauter, Christian; Christian;Sauter; Christian Sauter
Gnauck, Hannes; Hannes;Gnauck; Hannes Gnauck
Lucassen, Rüdiger; Rüdiger;Lucassen; Rüdiger Lucassen
Nolte, Jan Ralf; Jan Ralf;Nolte; Jan Ralf Nolte
Otten, Gerold; Gerold;Otten; Gerold Otten
Al-Dailami, Ali; Ali;Al-Dailami; Ali Al-Dailami
Nastic, Zaklin; Zaklin;Nastic; Zaklin Nastic
