name;firstname;lastname;fullname
Rüddel, Erwin; Erwin;Rüddel; Erwin Rüddel
Weinberg, Harald; Harald;Weinberg; Harald Weinberg
Henke, Rudolf; Rudolf;Henke; Rudolf Henke
Hennrich, Michael; Michael;Hennrich; Michael Hennrich
Irlstorfer, Erich; Erich;Irlstorfer; Erich Irlstorfer
Kippels, Dr. Georg; Dr. Georg;Kippels; Dr. Georg Kippels
Krauß, Alexander; Alexander;Krauß; Alexander Krauß
Kühne, Dr. Roy; Dr. Roy;Kühne; Dr. Roy Kühne
Maag, Karin; Karin;Maag; Karin Maag
Monstadt, Dietrich; Dietrich;Monstadt; Dietrich Monstadt
Pilsinger, Stephan; Stephan;Pilsinger; Stephan Pilsinger
Riebsamen, Lothar; Lothar;Riebsamen; Lothar Riebsamen
Schmidtke, Prof. Dr. Claudia; Prof. Dr. Claudia;Schmidtke; Prof. Dr. Claudia Schmidtke
Sorge, Tino; Tino;Sorge; Tino Sorge
Wetterich, Susanne; Susanne;Wetterich; Susanne Wetterich
Zeulner, Emmi; Emmi;Zeulner; Emmi Zeulner
Baehrens, Heike; Heike;Baehrens; Heike Baehrens
Baehrens, Heike; Heike;Baehrens; Heike Baehrens
Dittmar, Sabine; Sabine;Dittmar; Sabine Dittmar
Franke, Dr. Edgar; Dr. Edgar;Franke; Dr. Edgar Franke
Heidenblut, Dirk; Dirk;Heidenblut; Dirk Heidenblut
Mattheis, Hilde; Hilde;Mattheis; Hilde Mattheis
Moll, Claudia; Claudia;Moll; Claudia Moll
Müller, Bettina; Bettina;Müller; Bettina Müller
Stamm-Fibich, Martina; Martina;Stamm-Fibich; Martina Stamm-Fibich
Völlers, Marja-Liisa; Marja-Liisa;Völlers; Marja-Liisa Völlers
Podolay, Paul Viktor; Paul Viktor;Podolay; Paul Viktor Podolay
Schlund, Dr. Robby; Dr. Robby;Schlund; Dr. Robby Schlund
Schneider, Jörg; Jörg;Schneider; Jörg Schneider
Spangenberg, Detlev; Detlev;Spangenberg; Detlev Spangenberg
Witt, Uwe; Uwe;Witt; Uwe Witt
Aschenberg-Dugnus, Christine; Christine;Aschenberg-Dugnus; Christine Aschenberg-Dugnus
Helling-Plahr, Katrin; Katrin;Helling-Plahr; Katrin Helling-Plahr
Schinnenburg, Dr. Wieland; Dr. Wieland;Schinnenburg; Dr. Wieland Schinnenburg
Ullmann, Prof. Dr. Andrew; Prof. Dr. Andrew;Ullmann; Prof. Dr. Andrew Ullmann
Westig, Nicole; Nicole;Westig; Nicole Westig
Gabelmann, Sylvia; Sylvia;Gabelmann; Sylvia Gabelmann
Kessler, Dr. Achim; Dr. Achim;Kessler; Dr. Achim Kessler
Zimmermann, Pia; Pia;Zimmermann; Pia Zimmermann
Dahmen, Dr. Janosch; Dr. Janosch;Dahmen; Dr. Janosch Dahmen
Kappert-Gonther, Dr. Kirsten; Dr. Kirsten;Kappert-Gonther; Dr. Kirsten Kappert-Gonther
Klein-Schmeink, Maria; Maria;Klein-Schmeink; Maria Klein-Schmeink
Schulz-Asche, Kordula; Kordula;Schulz-Asche; Kordula Schulz-Asche
