name;firstname;lastname;fullname
Grosse-Brömer, Michael; Michael;Grosse-Brömer; Michael Grosse-Brömer
Walter, Hannes; Hannes;Walter; Hannes Walter
Arlt, Johannes; Johannes;Arlt; Johannes Arlt
Bartz, Alexander; Alexander;Bartz; Alexander Bartz
Katzmarek, Gabriele; Gabriele;Katzmarek; Gabriele Katzmarek
Limbacher, Esra; Esra;Limbacher; Esra Limbacher
Poschmann, Sabine; Sabine;Poschmann; Sabine Poschmann
Roloff, Sebastian; Sebastian;Roloff; Sebastian Roloff
Töns, Markus; Markus;Töns; Markus Töns
Werner, Lena; Lena;Werner; Lena Werner
Westphal, Bernd; Bernd;Westphal; Bernd Westphal
Durz, Hansjörg; Hansjörg;Durz; Hansjörg Durz
Klöckner, Julia; Julia;Klöckner; Julia Klöckner
Kuban, Tilman; Tilman;Kuban; Tilman Kuban
Linnemann, Dr. Carsten; Dr. Carsten;Linnemann; Dr. Carsten Linnemann
Loos, Bernhard; Bernhard;Loos; Bernhard Loos
Metzler, Jan; Jan;Metzler; Jan Metzler
Rouenhoff, Stefan; Stefan;Rouenhoff; Stefan Rouenhoff
Willsch, Klaus-Peter; Klaus-Peter;Willsch; Klaus-Peter Willsch
Außendorf, Maik; Maik;Außendorf; Maik Außendorf
Banaszak, Felix; Felix;Banaszak; Felix Banaszak
Detzer, Dr. Sandra; Dr. Sandra;Detzer; Dr. Sandra Detzer
Janecek, Dieter; Dieter;Janecek; Dieter Janecek
Sekmen, Melis; Melis;Sekmen; Melis Sekmen
Bauer, Nicole; Nicole;Bauer; Nicole Bauer
Houben, Reinhard; Reinhard;Houben; Reinhard Houben
Todtenhausen, Manfred; Manfred;Todtenhausen; Manfred Todtenhausen
Ullrich, Gerald; Gerald;Ullrich; Gerald Ullrich
Holm, Leif-Erik; Leif-Erik;Holm; Leif-Erik Holm
Kaufmann, Dr. Malte; Dr. Malte;Kaufmann; Dr. Malte Kaufmann
Komning, Enrico; Enrico;Komning; Enrico Komning
Schulz, Uwe; Uwe;Schulz; Uwe Schulz
Leye, Christian; Christian;Leye; Christian Leye
Meiser, Pascal; Pascal;Meiser; Pascal Meiser
