name;firstname;lastname;fullname
Gremmels, Timon; Timon;Gremmels; Timon Gremmels
Hubertz, Verena; Verena;Hubertz; Verena Hubertz
Junge, Frank; Frank;Junge; Frank Junge
Kreiser, Dunja; Dunja;Kreiser; Dunja Kreiser
Kröber, Martin; Martin;Kröber; Martin Kröber
Marvi, Parsa; Parsa;Marvi; Parsa Marvi
Mehltretter, Andreas; Andreas;Mehltretter; Andreas Mehltretter
Schmidt, Uwe; Uwe;Schmidt; Uwe Schmidt
Seitzl, Dr. Lina; Dr. Lina;Seitzl; Dr. Lina Seitzl
Weingarten, Dr. Joe; Dr. Joe;Weingarten; Dr. Joe Weingarten
Connemann, Gitta; Gitta;Connemann; Gitta Connemann
Gramling, Fabian; Fabian;Gramling; Fabian Gramling
Körber, Carsten; Carsten;Körber; Carsten Körber
Mörseburg, Maximilian; Maximilian;Mörseburg; Maximilian Mörseburg
Ramsauer, Dr. Peter; Dr. Peter;Ramsauer; Dr. Peter Ramsauer
Scheuer, Andreas; Andreas;Scheuer; Andreas Scheuer
Spahn, Jens; Jens;Spahn; Jens Spahn
Stetten, Christian Freiherr von; Christian Freiherr von;Stetten; Christian Freiherr von Stetten
Wiener, Dr. Klaus; Dr. Klaus;Wiener; Dr. Klaus Wiener
Badum, Lisa; Lisa;Badum; Lisa Badum
Beck, Katharina; Katharina;Beck; Katharina Beck
Herrmann, Bernhard; Bernhard;Herrmann; Bernhard Herrmann
Kopf, Chantal; Chantal;Kopf; Chantal Kopf
Spallek, Dr. Anne Monika; Dr. Anne Monika;Spallek; Dr. Anne Monika Spallek
Cronenberg, Carl-Julius; Carl-Julius;Cronenberg; Carl-Julius Cronenberg
Klein, Karsten; Karsten;Klein; Karsten Klein
Köhler, Dr. Lukas; Dr. Lukas;Köhler; Dr. Lukas Köhler
Reinhold, Hagen; Hagen;Reinhold; Hagen Reinhold
Espendiller, Dr. Michael; Dr. Michael;Espendiller; Dr. Michael Espendiller
Münzenmaier, Sebastian; Sebastian;Münzenmaier; Sebastian Münzenmaier
Schattner, Bernd; Bernd;Schattner; Bernd Schattner
Ziegler, Kay-Uwe; Kay-Uwe;Ziegler; Kay-Uwe Ziegler
Dağdelen, Sevim; Sevim;Dağdelen; Sevim Dağdelen
Ulrich, Alexander; Alexander;Ulrich; Alexander Ulrich
