name;firstname;lastname;fullname
Kotting-Uhl, Sylvia; Sylvia;Kotting-Uhl; Sylvia Kotting-Uhl
Thews, Michael; Michael;Thews; Michael Thews
Damerow, Astrid; Astrid;Damerow; Astrid Damerow
Dött, Marie-Luise; Marie-Luise;Dött; Marie-Luise Dött
Färber, Hermann; Hermann;Färber; Hermann Färber
Grundmann, Oliver; Oliver;Grundmann; Oliver Grundmann
Hirte, Christian; Christian;Hirte; Christian Hirte
Kießling, Michael; Michael;Kießling; Michael Kießling
Kruse, Rüdiger; Rüdiger;Kruse; Rüdiger Kruse
Möring, Karsten; Karsten;Möring; Karsten Möring
Schulze, Dr. Klaus-Peter; Dr. Klaus-Peter;Schulze; Dr. Klaus-Peter Schulze
Schweiger, Torsten; Torsten;Schweiger; Torsten Schweiger
Simon, Björn; Björn;Simon; Björn Simon
Wegner, Kai; Kai;Wegner; Kai Wegner
Weisgerber, Dr. Anja; Dr. Anja;Weisgerber; Dr. Anja Weisgerber
Mindrup, Klaus; Klaus;Mindrup; Klaus Mindrup
Nissen, Ulli; Ulli;Nissen; Ulli Nissen
Pilger, Detlev; Detlev;Pilger; Detlev Pilger
Scheer, Dr. Nina; Dr. Nina;Scheer; Dr. Nina Scheer
Schrodi, Michael; Michael;Schrodi; Michael Schrodi
Schwabe, Frank; Frank;Schwabe; Frank Schwabe
Träger, Carsten; Carsten;Träger; Carsten Träger
Bernhard, Marc; Marc;Bernhard; Marc Bernhard
Bleck, Andreas; Andreas;Bleck; Andreas Bleck
Hilse, Karsten; Karsten;Hilse; Karsten Hilse
Kraft, Dr. Rainer; Dr. Rainer;Kraft; Dr. Rainer Kraft
Wildberg, Dr. Heiko; Dr. Heiko;Wildberg; Dr. Heiko Wildberg
Aggelidis, Grigorios; Grigorios;Aggelidis; Grigorios Aggelidis
in der Beek, Olaf; Olaf;in der Beek; Olaf in der Beek
Köhler, Dr. Lukas; Dr. Lukas;Köhler; Dr. Lukas Köhler
Skudelny, Judith; Judith;Skudelny; Judith Skudelny
Lay, Caren; Caren;Lay; Caren Lay
Lenkert, Ralph; Ralph;Lenkert; Ralph Lenkert
Schreiber, Eva-Maria; Eva-Maria;Schreiber; Eva-Maria Schreiber
Zdebel, Hubertus; Hubertus;Zdebel; Hubertus Zdebel
Badum, Lisa; Lisa;Badum; Lisa Badum
Hoffmann, Dr. Bettina; Dr. Bettina;Hoffmann; Dr. Bettina Hoffmann
Lemke, Steffi; Steffi;Lemke; Steffi Lemke
