name;firstname;lastname;fullname
Braun, Prof. Dr. Helge; Prof. Dr. Helge;Braun; Prof. Dr. Helge Braun
Hagedorn, Bettina; Bettina;Hagedorn; Bettina Hagedorn
Dilcher, Esther; Esther;Dilcher; Esther Dilcher
Esdar, Dr. Wiebke; Dr. Wiebke;Esdar; Dr. Wiebke Esdar
Gerster, Martin; Martin;Gerster; Martin Gerster
Hakverdi, Metin; Metin;Hakverdi; Metin Hakverdi
Junge, Frank; Frank;Junge; Frank Junge
Michel, Kathrin; Kathrin;Michel; Kathrin Michel
Papenbrock, Wiebke; Wiebke;Papenbrock; Wiebke Papenbrock
Rohde, Dennis; Dennis;Rohde; Dennis Rohde
Rudolph, Dr. Thorsten; Dr. Thorsten;Rudolph; Dr. Thorsten Rudolph
Schwarz, Andreas; Andreas;Schwarz; Andreas Schwarz
Stadler, Svenja; Svenja;Stadler; Svenja Stadler
Thews, Michael; Michael;Thews; Michael Thews
Berghegger, Dr. André; Dr. André;Berghegger; Dr. André Berghegger
Gädechens, Ingo; Ingo;Gädechens; Ingo Gädechens
Haase, Christian; Christian;Haase; Christian Haase
Körber, Carsten; Carsten;Körber; Carsten Körber
Launert, Dr. Silke; Dr. Silke;Launert; Dr. Silke Launert
Lehrieder, Paul; Paul;Lehrieder; Paul Lehrieder
Mattfeldt, Andreas; Andreas;Mattfeldt; Andreas Mattfeldt
Oßner, Florian; Florian;Oßner; Florian Oßner
Radomski, Kerstin; Kerstin;Radomski; Kerstin Radomski
Rief, Josef; Josef;Rief; Josef Rief
Uhl, Markus; Markus;Uhl; Markus Uhl
Banaszak, Felix; Felix;Banaszak; Felix Banaszak
Hönel, Bruno; Bruno;Hönel; Bruno Hönel
Kindler, Sven-Christian; Sven-Christian;Kindler; Sven-Christian Kindler
Kurth, Markus; Markus;Kurth; Markus Kurth
Piechotta, Dr. Paula; Dr. Paula;Piechotta; Dr. Paula Piechotta
Schäfer, Jamila; Jamila;Schäfer; Jamila Schäfer
Schäfer, Dr. Sebastian; Dr. Sebastian;Schäfer; Dr. Sebastian Schäfer
Fricke, Otto; Otto;Fricke; Otto Fricke
Herbst, Torsten; Torsten;Herbst; Torsten Herbst
Klein, Karsten; Karsten;Klein; Karsten Klein
Lieb, Dr. Thorsten; Dr. Thorsten;Lieb; Dr. Thorsten Lieb
Raffelhüschen, Claudia; Claudia;Raffelhüschen; Claudia Raffelhüschen
Schäffler, Frank; Frank;Schäffler; Frank Schäffler
Boehringer, Peter; Peter;Boehringer; Peter Boehringer
Bühl, Marcus; Marcus;Bühl; Marcus Bühl
Espendiller, Dr. Michael; Dr. Michael;Espendiller; Dr. Michael Espendiller
Schielke-Ziesing, Ulrike; Ulrike;Schielke-Ziesing; Ulrike Schielke-Ziesing
Wiehle, Wolfgang; Wolfgang;Wiehle; Wolfgang Wiehle
Lötzsch, Dr. Gesine; Dr. Gesine;Lötzsch; Dr. Gesine Lötzsch
Perli, Victor; Victor;Perli; Victor Perli
