name;firstname;lastname;fullname
Daldrup, Bernhard; Bernhard;Daldrup; Bernhard Daldrup
Heiligenstadt, Frauke; Frauke;Heiligenstadt; Frauke Heiligenstadt
Hellmich, Wolfgang; Wolfgang;Hellmich; Wolfgang Hellmich
Kaiser, Elisabeth; Elisabeth;Kaiser; Elisabeth Kaiser
Mann, Holger; Holger;Mann; Holger Mann
Müntefering, Michelle; Michelle;Müntefering; Michelle Müntefering
Oehl, Lennard; Lennard;Oehl; Lennard Oehl
Petry, Christian; Christian;Petry; Christian Petry
Post, Achim; Achim;Post; Achim Post
Rosemann, Dr. Martin; Dr. Martin;Rosemann; Dr. Martin Rosemann
Schmidt, Uwe; Uwe;Schmidt; Uwe Schmidt
Stein, Mathias; Mathias;Stein; Mathias Stein
Stüwe, Ruppert; Ruppert;Stüwe; Ruppert Stüwe
Brandl, Dr. Reinhard; Dr. Reinhard;Brandl; Dr. Reinhard Brandl
Brehm, Sebastian; Sebastian;Brehm; Sebastian Brehm
Bury, Yannick; Yannick;Bury; Yannick Bury
Feiler, Uwe; Uwe;Feiler; Uwe Feiler
Gräßle, Dr. Ingeborg; Dr. Ingeborg;Gräßle; Dr. Ingeborg Gräßle
Güntzler, Fritz; Fritz;Güntzler; Fritz Güntzler
Hauer, Matthias; Matthias;Hauer; Matthias Hauer
Hoppermann, Franziska; Franziska;Hoppermann; Franziska Hoppermann
Klein, Volkmar; Volkmar;Klein; Volkmar Klein
Middelberg, Dr. Mathias; Dr. Mathias;Middelberg; Dr. Mathias Middelberg
Stefinger, Dr. Wolfgang; Dr. Wolfgang;Stefinger; Dr. Wolfgang Stefinger
Tillmann, Antje; Antje;Tillmann; Antje Tillmann
Audretsch, Andreas; Andreas;Audretsch; Andreas Audretsch
Detzer, Dr. Sandra; Dr. Sandra;Detzer; Dr. Sandra Detzer
Eckert, Leon; Leon;Eckert; Leon Eckert
Gehring, Kai; Kai;Gehring; Kai Gehring
Gelbhaar, Stefan; Stefan;Gelbhaar; Stefan Gelbhaar
Nanni, Sara; Sara;Nanni; Sara Nanni
Steinmüller, Hanna; Hanna;Steinmüller; Hanna Steinmüller
Bubendorfer-Licht, Sandra; Sandra;Bubendorfer-Licht; Sandra Bubendorfer-Licht
Link, Michael Georg; Michael Georg;Link; Michael Georg Link
Meyer, Christoph; Christoph;Meyer; Christoph Meyer
Reinhold, Hagen; Hagen;Reinhold; Hagen Reinhold
Reuther, Bernd; Bernd;Reuther; Bernd Reuther
Teuteberg, Linda; Linda;Teuteberg; Linda Teuteberg
Brandes, Dirk; Dirk;Brandes; Dirk Brandes
Glaser, Albrecht; Albrecht;Glaser; Albrecht Glaser
Kaufmann, Prof. Dr. Michael; Prof. Dr. Michael;Kaufmann; Prof. Dr. Michael Kaufmann
Lucassen, Rüdiger; Rüdiger;Lucassen; Rüdiger Lucassen
Stöber, Klaus; Klaus;Stöber; Klaus Stöber
Bartsch, Dr. Dietmar; Dr. Dietmar;Bartsch; Dr. Dietmar Bartsch
Hunko, Andrej; Andrej;Hunko; Andrej Hunko
