name;firstname;lastname;fullname
Hessel, Katja; Katja;Hessel; Katja Hessel
Glaser, Albrecht; Albrecht;Glaser; Albrecht Glaser
Brehm, Sebastian; Sebastian;Brehm; Sebastian Brehm
Brodesser, Dr. Carsten; Dr. Carsten;Brodesser; Dr. Carsten Brodesser
Güntzler, Fritz; Fritz;Güntzler; Fritz Güntzler
Gutting, Olav; Olav;Gutting; Olav Gutting
Hauer, Matthias; Matthias;Hauer; Matthias Hauer
Maizière, Dr. Thomas de; Dr. Thomas de;Maizière; Dr. Thomas de Maizière
Michelbach, Dr. h. c. Hans; Dr. h. c. Hans;Michelbach; Dr. h. c. Hans Michelbach
Müller, Sepp; Sepp;Müller; Sepp Müller
Radwan, Alexander; Alexander;Radwan; Alexander Radwan
Steiniger, Johannes; Johannes;Steiniger; Johannes Steiniger
Stetten, Christian Freiherr von; Christian Freiherr von;Stetten; Christian Freiherr von Stetten
Tebroke, Dr. Hermann-Josef; Dr. Hermann-Josef;Tebroke; Dr. Hermann-Josef Tebroke
Tiemann, Dr. Dietlind; Dr. Dietlind;Tiemann; Dr. Dietlind Tiemann
Tillmann, Antje; Antje;Tillmann; Antje Tillmann
Arndt-Brauer, Ingrid; Ingrid;Arndt-Brauer; Ingrid Arndt-Brauer
Binding, Lothar; Lothar;Binding; Lothar Binding
Daldrup, Bernhard; Bernhard;Daldrup; Bernhard Daldrup
Esdar, Dr. Wiebke; Dr. Wiebke;Esdar; Dr. Wiebke Esdar
Kiziltepe, Cansel; Cansel;Kiziltepe; Cansel Kiziltepe
Martin, Dorothee; Dorothee;Martin; Dorothee Martin
Schraps, Johannes; Johannes;Schraps; Johannes Schraps
Schrodi, Michael; Michael;Schrodi; Michael Schrodi
Zimmermann, Dr. Jens; Dr. Jens;Zimmermann; Dr. Jens Zimmermann
Gminder, Franziska; Franziska;Gminder; Franziska Gminder
Gottschalk, Kay; Kay;Gottschalk; Kay Gottschalk
Keuter, Stefan; Stefan;Keuter; Stefan Keuter
Herbrand, Markus; Markus;Herbrand; Markus Herbrand
Mansmann, Till; Till;Mansmann; Till Mansmann
Schäffler, Frank; Frank;Schäffler; Frank Schäffler
Toncar, Dr. Florian; Dr. Florian;Toncar; Dr. Florian Toncar
Cezanne, Jörg; Jörg;Cezanne; Jörg Cezanne
De Masi, Fabio; Fabio;De Masi; Fabio De Masi
Liebich, Stefan; Stefan;Liebich; Stefan Liebich
Troost, Dr. Axel; Dr. Axel;Troost; Dr. Axel Troost
Nouripour, Omid; Omid;Nouripour; Omid Nouripour
Paus, Lisa; Lisa;Paus; Lisa Paus
Schmidt, Stefan; Stefan;Schmidt; Stefan Schmidt
Strengmann-Kuhn, Dr. Wolfgang; Dr. Wolfgang;Strengmann-Kuhn; Dr. Wolfgang Strengmann-Kuhn
